"Id","Label","size","type"
28457823,"FreeCodeCamp",43360,"repo"
2126244,"bootstrap",214851,"repo"
943149,"d3",64560,"repo"
10270250,"react",144361,"repo"
460078,"angular.js",185989,"repo"
230541,"mbostock",,"user"
31223,"jasondavies",,"user"
1175380,"kitmonisit",,"user"
536984,"DanGoldbach",,"user"
579233,"larskotthoff",,"user"
265902,"natevw",,"user"
400538,"yasirs",,"user"
2523305,"square-build-bot",,"user"
189038,"fanktom",,"user"
202799,"jheer",,"user"
444344,"leodutra",,"user"
1612169,"scottcheng",,"user"
1294785,"mrcarlosrendon",,"user"
382136,"NelsonMinar",,"user"
471903,"webmonarch",,"user"
4141669,"hlvoorhees",,"user"
289174,"trevnorris",,"user"
33569,"dandv",,"user"
105151,"maoe",,"user"
638,"pjjw",,"user"
98601,"jfirebaugh",,"user"
9220038,"mrblueblue",,"user"
6148980,"splendido",,"user"
57576,"snoble",,"user"
145272,"iterion",,"user"
68416,"curran",,"user"
12149,"zenmoto",,"user"
46036,"trinary",,"user"
402462,"GerHobbelt",,"user"
1355481,"jisaacks",,"user"
98681,"mdo",,"user"
419884,"cvrebert",,"user"
169705,"fat",,"user"
349621,"XhmikosR",,"user"
1068978,"hnrch02",,"user"
895831,"patrickhlauke",,"user"
3535675,"juthilo",,"user"
9835569,"twbs-grunt",,"user"
947110,"kkirsche",,"user"
3757319,"vsn4ik",,"user"
368084,"Quy",,"user"
80144,"StevenBlack",,"user"
171054,"burnsra",,"user"
216339,"glebm",,"user"
197928,"thomas-mcdonald",,"user"
954055,"bassjobsen",,"user"
750822,"smerik",,"user"
5115488,"BBosman",,"user"
1261809,"liuyl",,"user"
2002591,"Yohn",,"user"
1016458,"ntwb",,"user"
29612,"ssorallen",,"user"
85355,"lookfirst",,"user"
1086582,"tlindig",,"user"
134294,"acmetech",,"user"
1073681,"bardiharborow",,"user"
1689750,"Johann-S",,"user"
1106331,"supergibbs",,"user"
556268,"tagliala",,"user"
33141,"andriijas",,"user"
216296,"IgorMinar",,"user"
15655,"petebacondarwin",,"user"
111951,"mhevery",,"user"
93018,"matsko",,"user"
46647,"vojtajina",,"user"
1153097,"Narretz",,"user"
8604205,"gkalpak",,"user"
2294695,"caitp",,"user"
474988,"btford",,"user"
391394,"lgalfaso",,"user"
690815,"tbosch",,"user"
1758366,"mgol",,"user"
1764161,"shahata",,"user"
89246,"jbedard",,"user"
463703,"jeffbcross",,"user"
2081709,"juliemr",,"user"
37704,"chirayuk",,"user"
1331190,"rodyhaddad",,"user"
973550,"pkozlowski-opensource",,"user"
94334,"thorn0",,"user"
1271410,"ksheedlo",,"user"
588473,"hzoo",,"user"
628508,"realityking",,"user"
163352,"forresst",,"user"
43582,"jdavisp3",,"user"
415779,"esprehn",,"user"
54418,"brettcannon",,"user"
6412,"mernen",,"user"
3735902,"SekibOmazic",,"user"
1703387,"wesleycho",,"user"
8445,"zpao",,"user"
6820,"spicyj",,"user"
9595985,"jimfb",,"user"
63648,"sebmarkbage",,"user"
239742,"petehunt",,"user"
810438,"gaearon",,"user"
1909539,"chenglou",,"user"
197597,"vjeux",,"user"
5750,"benjamn",,"user"
4117,"subtleGradient",,"user"
55161,"yungsters",,"user"
1714255,"syranide",,"user"
13352,"cpojer",,"user"
128431,"marocchino",,"user"
3624098,"acdlite",,"user"
7623979,"kohei-takata",,"user"
250407,"koba04",,"user"
1507086,"chicoxyzzy",,"user"
61091,"mcsheffrey",,"user"
180404,"bgw",,"user"
2268452,"keyanzhang",,"user"
2823852,"hellendag",,"user"
240284,"joshduck",,"user"
590904,"nhunzaker",,"user"
169760,"fisherwebdev",,"user"
6886061,"Aweary",,"user"
28530,"fabiomcosta",,"user"
977348,"jordwalke",,"user"
1309177,"crm416",,"user"
91933,"Daniel15",,"user"
985197,"QuincyLarson",,"user"
6775919,"BerkeleyTrue",,"user"
544954,"sahat",,"user"
1911390,"terakilobyte",,"user"
1381313,"ltegman",,"user"
553494,"SaintPeter",,"user"
10749142,"benmcmahon100",,"user"
1884376,"raisedadead",,"user"
13225220,"bugron",,"user"
11198912,"atjonathan",,"user"
2754821,"erictleung",,"user"
1029200,"abhisekp",,"user"
3090888,"ahstro",,"user"
14790466,"greenkeeperio-bot",,"user"
5279150,"awesomeaniruddh",,"user"
18572518,"Bouncey",,"user"
2107110,"hallaathrad",,"user"
7917512,"dhcodes",,"user"
701221,"vtamara",,"user"
8263430,"AryanJ-NYC",,"user"
15965601,"BKinahan",,"user"
11958359,"AkiraLaine",,"user"
10660283,"natac13",,"user"
12584257,"justinian336",,"user"
12993334,"alistermada",,"user"
9719214,"aldraco",,"user"
963773,"GeneralZero",,"user"
5444765,"kris4de",,"user"
920841,"dokkillo",,"user"
7098232,"brandenbyers",,"user"