"id","name"
230541,"mbostock"
31223,"jasondavies"
1175380,"kitmonisit"
536984,"DanGoldbach"
579233,"larskotthoff"
265902,"natevw"
400538,"yasirs"
2523305,"square-build-bot"
189038,"fanktom"
202799,"jheer"
444344,"leodutra"
1612169,"scottcheng"
1294785,"mrcarlosrendon"
382136,"NelsonMinar"
471903,"webmonarch"
4141669,"hlvoorhees"
289174,"trevnorris"
33569,"dandv"
105151,"maoe"
638,"pjjw"
98601,"jfirebaugh"
9220038,"mrblueblue"
6148980,"splendido"
57576,"snoble"
145272,"iterion"
68416,"curran"
12149,"zenmoto"
46036,"trinary"
402462,"GerHobbelt"
1355481,"jisaacks"
985197,"QuincyLarson"
6775919,"BerkeleyTrue"
544954,"sahat"
1911390,"terakilobyte"
1381313,"ltegman"
553494,"SaintPeter"
10749142,"benmcmahon100"
1884376,"raisedadead"
13225220,"bugron"
11198912,"atjonathan"
2754821,"erictleung"
1029200,"abhisekp"
3090888,"ahstro"
14790466,"greenkeeperio-bot"
5279150,"awesomeaniruddh"
18572518,"Bouncey"
2107110,"hallaathrad"
7917512,"dhcodes"
701221,"vtamara"
8263430,"AryanJ-NYC"
15965601,"BKinahan"
11958359,"AkiraLaine"
10660283,"natac13"
12584257,"justinian336"
12993334,"alistermada"
9719214,"aldraco"
963773,"GeneralZero"
5444765,"kris4de"
920841,"dokkillo"
7098232,"brandenbyers"
8445,"zpao"
6820,"spicyj"
9595985,"jimfb"
63648,"sebmarkbage"
239742,"petehunt"
810438,"gaearon"
1909539,"chenglou"
197597,"vjeux"
5750,"benjamn"
4117,"subtleGradient"
55161,"yungsters"
1714255,"syranide"
13352,"cpojer"
128431,"marocchino"
3624098,"acdlite"
7623979,"kohei-takata"
250407,"koba04"
1507086,"chicoxyzzy"
61091,"mcsheffrey"
180404,"bgw"
2268452,"keyanzhang"
2823852,"hellendag"
240284,"joshduck"
590904,"nhunzaker"
169760,"fisherwebdev"
6886061,"Aweary"
28530,"fabiomcosta"
977348,"jordwalke"
1309177,"crm416"
91933,"Daniel15"
216296,"IgorMinar"
15655,"petebacondarwin"
111951,"mhevery"
93018,"matsko"
46647,"vojtajina"
1153097,"Narretz"
8604205,"gkalpak"
2294695,"caitp"
474988,"btford"
391394,"lgalfaso"
690815,"tbosch"
1758366,"mgol"
1764161,"shahata"
89246,"jbedard"
463703,"jeffbcross"
2081709,"juliemr"
37704,"chirayuk"
1331190,"rodyhaddad"
973550,"pkozlowski-opensource"
94334,"thorn0"
1271410,"ksheedlo"
588473,"hzoo"
628508,"realityking"
163352,"forresst"
43582,"jdavisp3"
415779,"esprehn"
54418,"brettcannon"
6412,"mernen"
3735902,"SekibOmazic"
1703387,"wesleycho"
98681,"mdo"
419884,"cvrebert"
169705,"fat"
349621,"XhmikosR"
1068978,"hnrch02"
895831,"patrickhlauke"
3535675,"juthilo"
9835569,"twbs-grunt"
947110,"kkirsche"
3757319,"vsn4ik"
368084,"Quy"
80144,"StevenBlack"
171054,"burnsra"
216339,"glebm"
197928,"thomas-mcdonald"
954055,"bassjobsen"
750822,"smerik"
5115488,"BBosman"
1261809,"liuyl"
2002591,"Yohn"
1016458,"ntwb"
29612,"ssorallen"
85355,"lookfirst"
1086582,"tlindig"
134294,"acmetech"
1073681,"bardiharborow"
1689750,"Johann-S"
1106331,"supergibbs"
556268,"tagliala"
33141,"andriijas"